{
  "source": {
    "type": "file",
    "location": "D:AnmolAgarwal_190953140_CCE.pdf",
    "filename": "AnmolAgarwal_190953140_CCE.pdf"
  },
  "metadata": {
    "Author": "Anmol Agarwal",
    "Creator": "Microsoft\u00ae Word for Microsoft 365",
    "CreationDate": "D:20210908130732+05'30'",
    "ModDate": "D:20210908130732+05'30'",
    "Producer": "Microsoft\u00ae Word for Microsoft 365",
    "rdf": {
      "Seq": null,
      "li": "Anmol Agarwal"
    },
    "pdf": {
      "Producer": "Microsoft\u00ae Word for Microsoft 365"
    },
    "dc": {
      "creator": [
        "Anmol Agarwal"
      ]
    },
    "xap": {
      "CreatorTool": "Microsoft\u00ae Word for Microsoft 365",
      "CreateDate": "2021-09-08T13:07:32+05:30",
      "ModifyDate": "2021-09-08T13:07:32+05:30"
    },
    "xapmm": {
      "DocumentID": "uuid:50286F6D-4312-4DF4-A299-C24A2930AE00",
      "InstanceID": "uuid:50286F6D-4312-4DF4-A299-C24A2930AE00"
    },
    "Pages": 1
  },
  "references": {
    "url": [
      "https://foo.mobi/",
      "https://github.com/anmolag10/Tennis_Ball_Detection_OpenCV",
      "github.com/anmolag10",
      "https://www.linkedin.com/in/anmolag10/",
      "https://github.com/anmolag10/",
      "mailto:agarwalanmol3010@gmail.com",
      "http://marsrovermanipal.com/",
      "https://github.com/anmolag10/Pick-and-Drop-Drone",
      "https://github.com/anmolag10/Dynamic-Form",
      "https://github.com/anmolag10/DigtalDukaanDaar"
    ]
  }
}