{
  "source": {
    "type": "file",
    "location": "D:Anmol_Agarwal_Detailed.pdf",
    "filename": "Anmol_Agarwal_Detailed.pdf"
  },
  "metadata": {
    "Author": "Anmol Agarwal",
    "Creator": "Microsoft\u00ae Word for Microsoft 365",
    "CreationDate": "D:20210815015512+05'30'",
    "ModDate": "D:20210815015512+05'30'",
    "Producer": "Microsoft\u00ae Word for Microsoft 365",
    "rdf": {
      "Seq": null,
      "li": "Anmol Agarwal"
    },
    "pdf": {
      "Producer": "Microsoft\u00ae Word for Microsoft 365"
    },
    "dc": {
      "creator": [
        "Anmol Agarwal"
      ]
    },
    "xap": {
      "CreatorTool": "Microsoft\u00ae Word for Microsoft 365",
      "CreateDate": "2021-08-15T01:55:12+05:30",
      "ModifyDate": "2021-08-15T01:55:12+05:30"
    },
    "xapmm": {
      "DocumentID": "uuid:694E5E59-13F1-40FB-B262-DD53DA6435D2",
      "InstanceID": "uuid:694E5E59-13F1-40FB-B262-DD53DA6435D2"
    },
    "Pages": 2
  },
  "references": {
    "url": [
      "https://foo.mobi/",
      "https://github.com/anmolag10/Tennis_Ball_Detection_OpenCV",
      "github.com/anmolag10",
      "https://www.linkedin.com/in/anmolag10/",
      "https://github.com/anmolag10/",
      "mailto:agarwalanmol3010@gmail.com",
      "http://marsrovermanipal.com/",
      "https://github.com/anmolag10/Pick-and-Drop-Drone",
      "https://github.com/anmolag10/Dynamic-Form",
      "https://github.com/anmolag10/DigtalDukaanDaar"
    ]
  }
}